<?xml version="1.0" encoding="UTF-8"?>
<metadata xml:lang="en"><Esri><CreaDate>20140807</CreaDate><CreaTime>13040900</CreaTime><ArcGISFormat>1.0</ArcGISFormat><SyncOnce>FALSE</SyncOnce><DataProperties><lineage><Process ToolSource="M:\ArcGIS\0 Mark.tbx\Project" Date="20110621" Time="105710">Project G:\cws_habitat\gis_maps\cws_core\EC_PA_Scott_Islands\Outer_boundary_v52.shp C:\GIS_JUNK\WORKSPACE.gdb\DATA\Scott_Islands_5_2 GEOGCS['GCS_North_American_1983_CSRS',DATUM['D_North_American_1983_CSRS',SPHEROID['GRS_1980',6378137.0,298.257222101]],PRIMEM['Greenwich',0.0],UNIT['Degree',0.0174532925199433]] NAD_1983_To_NAD_1983_CSRS_4 PROJCS['NAD_1983_Albers',GEOGCS['GCS_North_American_1983',DATUM['D_North_American_1983',SPHEROID['GRS_1980',6378137.0,298.257222101]],PRIMEM['Greenwich',0.0],UNIT['Degree',0.0174532925199433]],PROJECTION['Albers'],PARAMETER['False_Easting',1000000.0],PARAMETER['False_Northing',0.0],PARAMETER['Central_Meridian',-126.0],PARAMETER['Standard_Parallel_1',50.0],PARAMETER['Standard_Parallel_2',58.5],PARAMETER['Latitude_Of_Origin',45.0],UNIT['Meter',1.0]]</Process><Process ToolSource="C:\Program Files\ArcGIS\Desktop\Desktop10.0\ArcToolbox\Toolboxes\Data Management Tools.tbx\CalculateField" Date="20110621" Time="113409">CalculateField Scott_Islands_5_2 Name "Scott Islands" VB #</Process><Process ToolSource="C:\Program Files\ArcGIS\Desktop\Desktop10.0\ArcToolbox\Toolboxes\Data Management Tools.tbx\CalculateField" Date="20110621" Time="114420">CalculateField Scott_Islands_5_2 Current "Y" VB #</Process><Process ToolSource="C:\Program Files\ArcGIS\Desktop\Desktop10.0\ArcToolbox\Toolboxes\Data Management Tools.tbx\CalculateField" Date="20110621" Time="114436">CalculateField Scott_Islands_5_2 Current "N" VB #</Process><Process ToolSource="C:\Program Files\ArcGIS\Desktop\Desktop10.0\ArcToolbox\Toolboxes\Conversion Tools.tbx\FeatureClassToFeatureClass" Date="20110621" Time="140415">FeatureClassToFeatureClass C:\GIS_JUNK\WORKSPACE.gdb\DATA\EC_R_NHQ_CANDIDATE_CAN "Database Connections\CWSThematic@CWSAdmin.sde\CWSThematic.CWSADMIN.PROTECTED_AREAS" EC_R_NHQ_CANDIDATE_CAN # "Name "Name" true true false 200 Text 0 0 ,First,#,C:\GIS_JUNK\WORKSPACE.gdb\DATA\EC_R_NHQ_CANDIDATE_CAN,Name,-1,-1;Version "Version" true true false 50 Text 0 0 ,First,#,C:\GIS_JUNK\WORKSPACE.gdb\DATA\EC_R_NHQ_CANDIDATE_CAN,Version,-1,-1;Current_ "Current" true true false 10 Text 0 0 ,First,#,C:\GIS_JUNK\WORKSPACE.gdb\DATA\EC_R_NHQ_CANDIDATE_CAN,Current,-1,-1;Shape_Length "Shape_Length" false true true 8 Double 0 0 ,First,#,C:\GIS_JUNK\WORKSPACE.gdb\DATA\EC_R_NHQ_CANDIDATE_CAN,Shape_Length,-1,-1;Shape_Area "Shape_Area" false true true 8 Double 0 0 ,First,#,C:\GIS_JUNK\WORKSPACE.gdb\DATA\EC_R_NHQ_CANDIDATE_CAN,Shape_Area,-1,-1" #</Process><Process ToolSource="M:\ArcGIS\0 Mark.tbx\Merge" Date="20110715" Time="132949">Merge EC_R_NHQ_CANDIDATE_CAN;Kwetsootlaa_Boundary_Minus_Mineral_21Feb2011 S:\PROJECTS\PROTECTED_AREAS\FEDERAL_PA_NORTHERN\WORKSPACE.gdb\EC_R_NHQ_CANDIDATE_CAN_Merge "Name "Name" true true false 200 Text 0 0 ,First,#,EC_R_NHQ_CANDIDATE_CAN,Name,-1,-1,Kwetsootlaa_Boundary_Minus_Mineral_21Feb2011,Name,-1,-1;Version "Version" true true false 50 Text 0 0 ,First,#,EC_R_NHQ_CANDIDATE_CAN,Version,-1,-1;Current_ "Current" true true false 10 Text 0 0 ,First,#,EC_R_NHQ_CANDIDATE_CAN,Current_,-1,-1;Shape_Length "Shape_Length" false true true 8 Double 0 0 ,First,#,EC_R_NHQ_CANDIDATE_CAN,Shape_Length,-1,-1;Shape_Area "Shape_Area" false true true 8 Double 0 0 ,First,#,EC_R_NHQ_CANDIDATE_CAN,Shape_Area,-1,-1;FID_NorthA "FID_NorthA" true true false 9 Long 0 9 ,First,#,Kwetsootlaa_Boundary_Minus_Mineral_21Feb2011,FID_NorthA,-1,-1;Id "Id" true true false 6 Long 0 6 ,First,#,Kwetsootlaa_Boundary_Minus_Mineral_21Feb2011,Id,-1,-1;FID_Tlicho "FID_Tlicho" true true false 9 Long 0 9 ,First,#,Kwetsootlaa_Boundary_Minus_Mineral_21Feb2011,FID_Tlicho,-1,-1;SL_SELECTI "SL_SELECTI" true true false 50 Text 0 0 ,First,#,Kwetsootlaa_Boundary_Minus_Mineral_21Feb2011,SL_SELECTI,-1,-1;Name_1 "Name_1" true true false 15 Text 0 0 ,First,#,Kwetsootlaa_Boundary_Minus_Mineral_21Feb2011,Name_1,-1,-1;Acres "Acres" true true false 19 Double 0 0 ,First,#,Kwetsootlaa_Boundary_Minus_Mineral_21Feb2011,Acres,-1,-1;Hectares "Hectares" true true false 19 Double 0 0 ,First,#,Kwetsootlaa_Boundary_Minus_Mineral_21Feb2011,Hectares,-1,-1"</Process><Process ToolSource="C:\Program Files\ArcGIS\Desktop\Desktop10.0\ArcToolbox\Toolboxes\Data Management Tools.tbx\CalculateField" Date="20110715" Time="133057">CalculateField EC_R_NHQ_CANDIDATE_CAN_Merge Name "Kwetsootlaa" VB #</Process><Process ToolSource="C:\Program Files\ArcGIS\Desktop\Desktop10.0\ArcToolbox\Toolboxes\Data Management Tools.tbx\CalculateField" Date="20110715" Time="133113">CalculateField EC_R_NHQ_CANDIDATE_CAN_Merge Version "Feburary 21 2011" VB #</Process><Process ToolSource="C:\Program Files\ArcGIS\Desktop\Desktop10.0\ArcToolbox\Toolboxes\Data Management Tools.tbx\CalculateField" Date="20110715" Time="133122">CalculateField EC_R_NHQ_CANDIDATE_CAN_Merge Current_ "Y" VB #</Process><Process ToolSource="C:\Program Files\ArcGIS\Desktop\Desktop10.0\ArcToolbox\Toolboxes\Data Management Tools.tbx\CalculateField" Date="20111012" Time="154157">CalculateField CWSThematic.CWSADMIN.EC_R_NHQ_CANDIDATE_CAN Current_ "N" VB #</Process><Process ToolSource="c:\program files\arcgis\desktop\desktop10.0\ArcToolbox\Toolboxes\Conversion Tools.tbx\FeatureClassToFeatureClass" Date="20120613" Time="093335">FeatureClassToFeatureClass "Database Connections\CWSThematic@CWSAdmin.sde\CWSThematic.CWSADMIN.PROTECTED_AREAS\CWSThematic.CWSADMIN.EC_R_NHQ_CANDIDATE_CAN" C:\GISJUNK\WORKSPACE.gdb CWS_Candidate # "Name "Name" true true false 200 Text 0 0 ,First,#,Database Connections\CWSThematic@CWSAdmin.sde\CWSThematic.CWSADMIN.PROTECTED_AREAS\CWSThematic.CWSADMIN.EC_R_NHQ_CANDIDATE_CAN,Name,-1,-1;Version "Version" true true false 50 Text 0 0 ,First,#,Database Connections\CWSThematic@CWSAdmin.sde\CWSThematic.CWSADMIN.PROTECTED_AREAS\CWSThematic.CWSADMIN.EC_R_NHQ_CANDIDATE_CAN,Version,-1,-1;Current_ "Current" true true false 10 Text 0 0 ,First,#,Database Connections\CWSThematic@CWSAdmin.sde\CWSThematic.CWSADMIN.PROTECTED_AREAS\CWSThematic.CWSADMIN.EC_R_NHQ_CANDIDATE_CAN,Current_,-1,-1;Area "Area" true true false 8 Double 8 38 ,First,#,Database Connections\CWSThematic@CWSAdmin.sde\CWSThematic.CWSADMIN.PROTECTED_AREAS\CWSThematic.CWSADMIN.EC_R_NHQ_CANDIDATE_CAN,CWSThematic.CWSADMIN.EC_R_NHQ_CANDIDATE_CAN.Area,-1,-1;Hectares "Hectares" true true false 8 Double 8 38 ,First,#,Database Connections\CWSThematic@CWSAdmin.sde\CWSThematic.CWSADMIN.PROTECTED_AREAS\CWSThematic.CWSADMIN.EC_R_NHQ_CANDIDATE_CAN,Hectares,-1,-1;GlobalID "GlobalID" false false true 38 GlobalID 0 0 ,First,#,Database Connections\CWSThematic@CWSAdmin.sde\CWSThematic.CWSADMIN.PROTECTED_AREAS\CWSThematic.CWSADMIN.EC_R_NHQ_CANDIDATE_CAN,GlobalID,-1,-1;Shape_area "Shape_area" false false true 0 Double 0 0 ,First,#,Database Connections\CWSThematic@CWSAdmin.sde\CWSThematic.CWSADMIN.PROTECTED_AREAS\CWSThematic.CWSADMIN.EC_R_NHQ_CANDIDATE_CAN,Shape.area,-1,-1;Shape_len "Shape_len" false false true 0 Double 0 0 ,First,#,Database Connections\CWSThematic@CWSAdmin.sde\CWSThematic.CWSADMIN.PROTECTED_AREAS\CWSThematic.CWSADMIN.EC_R_NHQ_CANDIDATE_CAN,Shape.len,-1,-1" #</Process></lineage><itemProps><itemLocation><linkage Sync="TRUE">file://\\Wyka04dtmapdog\CWS\BASE_MAP.gdb</linkage><protocol Sync="TRUE">Local Area Network</protocol></itemLocation><itemName Sync="TRUE">CWS_Candidate</itemName><imsContentType Sync="TRUE">002</imsContentType></itemProps><coordRef><type Sync="TRUE">Geographic</type><geogcsn Sync="TRUE">GCS_North_American_1983_CSRS</geogcsn><peXml Sync="TRUE">&lt;GeographicCoordinateSystem xsi:type='typens:GeographicCoordinateSystem' xmlns:xsi='http://www.w3.org/2001/XMLSchema-instance' xmlns:xs='http://www.w3.org/2001/XMLSchema' xmlns:typens='http://www.esri.com/schemas/ArcGIS/10.0'&gt;&lt;WKT&gt;GEOGCS[&amp;quot;GCS_North_American_1983_CSRS&amp;quot;,DATUM[&amp;quot;D_North_American_1983_CSRS&amp;quot;,SPHEROID[&amp;quot;GRS_1980&amp;quot;,6378137.0,298.257222101]],PRIMEM[&amp;quot;Greenwich&amp;quot;,0.0],UNIT[&amp;quot;Degree&amp;quot;,0.0174532925199433],AUTHORITY[&amp;quot;EPSG&amp;quot;,4617]]&lt;/WKT&gt;&lt;XOrigin&gt;-399.99999999999989&lt;/XOrigin&gt;&lt;YOrigin&gt;-399.99999999999989&lt;/YOrigin&gt;&lt;XYScale&gt;1000000000.0000001&lt;/XYScale&gt;&lt;ZOrigin&gt;-100000&lt;/ZOrigin&gt;&lt;ZScale&gt;10000&lt;/ZScale&gt;&lt;MOrigin&gt;-100000&lt;/MOrigin&gt;&lt;MScale&gt;10000&lt;/MScale&gt;&lt;XYTolerance&gt;8.9831528411952117e-009&lt;/XYTolerance&gt;&lt;ZTolerance&gt;0.001&lt;/ZTolerance&gt;&lt;MTolerance&gt;0.001&lt;/MTolerance&gt;&lt;HighPrecision&gt;true&lt;/HighPrecision&gt;&lt;LeftLongitude&gt;-180&lt;/LeftLongitude&gt;&lt;WKID&gt;4617&lt;/WKID&gt;&lt;/GeographicCoordinateSystem&gt;</peXml><csUnits Sync="TRUE">Angular Unit: Degree (0.017453)</csUnits></coordRef></DataProperties><SyncDate>20120613</SyncDate><SyncTime>09333400</SyncTime><ModDate>20120613</ModDate><ModTime>09333400</ModTime></Esri><dataIdInfo><envirDesc Sync="TRUE">Microsoft Windows XP Version 5.1 (Build 2600) Service Pack 3; ESRI ArcGIS 10.0.3.3600</envirDesc><dataLang><languageCode value="en" country="CA"></languageCode><countryCode value="CA" Sync="TRUE"></countryCode></dataLang><idCitation><resTitle Sync="TRUE">CWS_Candidate</resTitle><presForm><PresFormCd value="005"></PresFormCd></presForm></idCitation><descKeys><thesaName uuidref="723f6998-058e-11dc-8314-0800200c9a66"></thesaName><keyword Sync="TRUE">002</keyword></descKeys><spatRpType><SpatRepTypCd value="001"></SpatRepTypCd></spatRpType></dataIdInfo><mdLang><languageCode value="en"></languageCode><countryCode value="CA" Sync="TRUE"></countryCode></mdLang><distInfo><distFormat><formatName Sync="TRUE">File Geodatabase Feature Class</formatName></distFormat></distInfo><mdHrLv><ScopeCd value="005"></ScopeCd></mdHrLv><mdHrLvName Sync="TRUE">dataset</mdHrLvName><refSysInfo><RefSystem><refSysID><identCode code="4617"></identCode><idCodeSpace Sync="TRUE">EPSG</idCodeSpace><idVersion Sync="TRUE">7.4.1</idVersion></refSysID></RefSystem></refSysInfo><spdoinfo><ptvctinf><esriterm><efeatyp Sync="TRUE">Simple</efeatyp><efeageom code="4" Sync="TRUE"></efeageom><esritopo Sync="TRUE">FALSE</esritopo><efeacnt Sync="TRUE">0</efeacnt><spindex Sync="TRUE">TRUE</spindex><linrefer Sync="TRUE">FALSE</linrefer></esriterm></ptvctinf></spdoinfo><spatRepInfo><VectSpatRep><geometObjs Name="CWS_Candidate"><geoObjTyp><GeoObjTypCd value="002" Sync="TRUE"></GeoObjTypCd></geoObjTyp><geoObjCnt Sync="TRUE">0</geoObjCnt></geometObjs><topLvl><TopoLevCd value="001" Sync="TRUE"></TopoLevCd></topLvl></VectSpatRep></spatRepInfo><eainfo><detailed Name="CWS_Candidate"><enttyp><enttypl Sync="TRUE">CWS_Candidate</enttypl><enttypt Sync="TRUE">Feature Class</enttypt><enttypc Sync="TRUE">0</enttypc></enttyp><attr><attrlabl Sync="TRUE">OBJECTID</attrlabl><attalias Sync="TRUE">OBJECTID</attalias><attrtype Sync="TRUE">OID</attrtype><attwidth Sync="TRUE">4</attwidth><atprecis Sync="TRUE">0</atprecis><attscale Sync="TRUE">0</attscale><attrdef Sync="TRUE">Internal feature number.</attrdef><attrdefs Sync="TRUE">ESRI</attrdefs><attrdomv><udom Sync="TRUE">Sequential unique whole numbers that are automatically generated.</udom></attrdomv></attr><attr><attrlabl Sync="TRUE">Name</attrlabl><attalias Sync="TRUE">Name</attalias><attrtype Sync="TRUE">String</attrtype><attwidth Sync="TRUE">200</attwidth><atprecis Sync="TRUE">0</atprecis><attscale Sync="TRUE">0</attscale></attr><attr><attrlabl Sync="TRUE">Version</attrlabl><attalias Sync="TRUE">Version</attalias><attrtype Sync="TRUE">String</attrtype><attwidth Sync="TRUE">50</attwidth><atprecis Sync="TRUE">0</atprecis><attscale Sync="TRUE">0</attscale></attr><attr><attrlabl Sync="TRUE">Current_</attrlabl><attalias Sync="TRUE">Current</attalias><attrtype Sync="TRUE">String</attrtype><attwidth Sync="TRUE">10</attwidth><atprecis Sync="TRUE">0</atprecis><attscale Sync="TRUE">0</attscale></attr><attr><attrlabl Sync="TRUE">Shape</attrlabl><attalias Sync="TRUE">Shape</attalias><attrtype Sync="TRUE">Geometry</attrtype><attwidth Sync="TRUE">0</attwidth><atprecis Sync="TRUE">0</atprecis><attscale Sync="TRUE">0</attscale><attrdef Sync="TRUE">Feature geometry.</attrdef><attrdefs Sync="TRUE">ESRI</attrdefs><attrdomv><udom Sync="TRUE">Coordinates defining the features.</udom></attrdomv></attr><attr><attrlabl Sync="TRUE">Area</attrlabl><attalias Sync="TRUE">Area</attalias><attrtype Sync="TRUE">Double</attrtype><attwidth Sync="TRUE">8</attwidth><atprecis Sync="TRUE">0</atprecis><attscale Sync="TRUE">0</attscale></attr><attr><attrlabl Sync="TRUE">Hectares</attrlabl><attalias Sync="TRUE">Hectares</attalias><attrtype Sync="TRUE">Double</attrtype><attwidth Sync="TRUE">8</attwidth><atprecis Sync="TRUE">0</atprecis><attscale Sync="TRUE">0</attscale></attr><attr><attrlabl Sync="TRUE">GlobalID</attrlabl><attalias Sync="TRUE">GlobalID</attalias><attrtype Sync="TRUE">GlobalID</attrtype><attwidth Sync="TRUE">38</attwidth><atprecis Sync="TRUE">0</atprecis><attscale Sync="TRUE">0</attscale></attr><attr><attrlabl Sync="TRUE">Shape_Length</attrlabl><attalias Sync="TRUE">Shape_Length</attalias><attrtype Sync="TRUE">Double</attrtype><attwidth Sync="TRUE">8</attwidth><atprecis Sync="TRUE">0</atprecis><attscale Sync="TRUE">0</attscale><attrdef Sync="TRUE">Length of feature in internal units.</attrdef><attrdefs Sync="TRUE">ESRI</attrdefs><attrdomv><udom Sync="TRUE">Positive real numbers that are automatically generated.</udom></attrdomv></attr><attr><attrlabl Sync="TRUE">Shape_Area</attrlabl><attalias Sync="TRUE">Shape_Area</attalias><attrtype Sync="TRUE">Double</attrtype><attwidth Sync="TRUE">8</attwidth><atprecis Sync="TRUE">0</atprecis><attscale Sync="TRUE">0</attscale><attrdef Sync="TRUE">Area of feature in internal units squared.</attrdef><attrdefs Sync="TRUE">ESRI</attrdefs><attrdomv><udom Sync="TRUE">Positive real numbers that are automatically generated.</udom></attrdomv></attr></detailed></eainfo><mdDateSt Sync="TRUE">20120613</mdDateSt></metadata>
